{
  "CompCd": "0001",
  "DepartmentId": 7,
  "Kind": "T0010",
  "DocName": "\uC8FC\uC694\uC5C5\uBB34\uBCF4\uACE0\uC11C",
  "Title": null,
  "ApprovalCount": 0,
  "Fields": [
    {
      "Key": "\uC5C5\uBB34\uB0B4\uC6A9_{n}",
      "Type": "Text",
      "Cell": {
        "Sheet": null,
        "Row": 8,
        "Column": 2,
        "RowSpan": 27,
        "ColSpan": 1,
        "A1": "C9:K35"
      }
    }
  ],
  "Approvals": [
    {
      "Slot": 1,
      "Part": "\uACB0\uC7AC1",
      "Cell": {
        "Sheet": null,
        "Row": 0,
        "Column": 0,
        "RowSpan": 1,
        "ColSpan": 1,
        "A1": "H4"
      }
    },
    {
      "Slot": 1,
      "Part": "\uACB0\uC7AC2",
      "Cell": {
        "Sheet": null,
        "Row": 0,
        "Column": 0,
        "RowSpan": 1,
        "ColSpan": 1,
        "A1": "I4"
      }
    },
    {
      "Slot": 1,
      "Part": "\uACB0\uC7AC3",
      "Cell": {
        "Sheet": null,
        "Row": 0,
        "Column": 0,
        "RowSpan": 1,
        "ColSpan": 1,
        "A1": "J4"
      }
    }
  ]
}