{
  "CompCd": "0001",
  "DepartmentId": 0,
  "Kind": "T0011",
  "DocName": "\uC5C5\uBB34 \uBCF4\uACE0\uC11C",
  "Title": null,
  "ApprovalCount": 1,
  "Fields": [
    {
      "Key": "\uC9C4\uD589\uC5C5\uBB34_{n}",
      "Type": "Text",
      "Cell": {
        "Sheet": null,
        "Row": 8,
        "Column": 2,
        "RowSpan": 27,
        "ColSpan": 1,
        "A1": "C9:K35"
      }
    },
    {
      "Key": "\uC608\uC815\uC5C5\uBB34_1",
      "Type": "Text",
      "Cell": {
        "Sheet": null,
        "Row": 0,
        "Column": 0,
        "RowSpan": 1,
        "ColSpan": 1,
        "A1": "C37"
      }
    },
    {
      "Key": "\uC608\uC815\uC5C5\uBB34_2",
      "Type": "Text",
      "Cell": {
        "Sheet": null,
        "Row": 0,
        "Column": 0,
        "RowSpan": 1,
        "ColSpan": 1,
        "A1": "C38"
      }
    },
    {
      "Key": "\uC608\uC815\uC5C5\uBB34_3",
      "Type": "Text",
      "Cell": {
        "Sheet": null,
        "Row": 0,
        "Column": 0,
        "RowSpan": 1,
        "ColSpan": 1,
        "A1": "C39"
      }
    },
    {
      "Key": "\uC608\uC815\uC5C5\uBB34_4",
      "Type": "Text",
      "Cell": {
        "Sheet": null,
        "Row": 0,
        "Column": 0,
        "RowSpan": 1,
        "ColSpan": 1,
        "A1": "C40"
      }
    },
    {
      "Key": "\uD2B9\uC774\uC0AC\uD56D_41",
      "Type": "Text",
      "Cell": {
        "Sheet": null,
        "Row": 0,
        "Column": 0,
        "RowSpan": 1,
        "ColSpan": 1,
        "A1": "C41"
      }
    },
    {
      "Key": "\uD2B9\uC774\uC0AC\uD56D_42",
      "Type": "Text",
      "Cell": {
        "Sheet": null,
        "Row": 0,
        "Column": 0,
        "RowSpan": 1,
        "ColSpan": 1,
        "A1": "C42"
      }
    },
    {
      "Key": "\uD2B9\uC774\uC0AC\uD56D_43",
      "Type": "Text",
      "Cell": {
        "Sheet": null,
        "Row": 0,
        "Column": 0,
        "RowSpan": 1,
        "ColSpan": 1,
        "A1": "C43"
      }
    },
    {
      "Key": "\uD2B9\uC774\uC0AC\uD56D_44",
      "Type": "Text",
      "Cell": {
        "Sheet": null,
        "Row": 0,
        "Column": 0,
        "RowSpan": 1,
        "ColSpan": 1,
        "A1": "C44"
      }
    },
    {
      "Key": "\uD2B9\uC774\uC0AC\uD56D_45",
      "Type": "Text",
      "Cell": {
        "Sheet": null,
        "Row": 0,
        "Column": 0,
        "RowSpan": 1,
        "ColSpan": 1,
        "A1": "C45"
      }
    },
    {
      "Key": "\uD2B9\uC774\uC0AC\uD56D_46",
      "Type": "Text",
      "Cell": {
        "Sheet": null,
        "Row": 0,
        "Column": 0,
        "RowSpan": 1,
        "ColSpan": 1,
        "A1": "C46"
      }
    },
    {
      "Key": "\uAE30\uAC041",
      "Type": "Date",
      "Cell": {
        "Sheet": null,
        "Row": 5,
        "Column": 8,
        "RowSpan": 1,
        "ColSpan": 1,
        "A1": "I6"
      }
    },
    {
      "Key": "\uAE30\uAC042",
      "Type": "Date",
      "Cell": {
        "Sheet": null,
        "Row": 5,
        "Column": 10,
        "RowSpan": 1,
        "ColSpan": 1,
        "A1": "K6"
      }
    },
    {
      "Key": "\uC9C4\uD589\uBE44\uACE0_1",
      "Type": "Text",
      "Cell": {
        "Sheet": null,
        "Row": 0,
        "Column": 0,
        "RowSpan": 1,
        "ColSpan": 1,
        "A1": "K9"
      }
    },
    {
      "Key": "\uC9C4\uD589\uBE44\uACE0_2",
      "Type": "Text",
      "Cell": {
        "Sheet": null,
        "Row": 0,
        "Column": 0,
        "RowSpan": 1,
        "ColSpan": 1,
        "A1": "K10"
      }
    },
    {
      "Key": "\uC9C4\uD589\uBE44\uACE0_3",
      "Type": "Text",
      "Cell": {
        "Sheet": null,
        "Row": 0,
        "Column": 0,
        "RowSpan": 1,
        "ColSpan": 1,
        "A1": "K11"
      }
    },
    {
      "Key": "\uC9C4\uD589\uBE44\uACE0_4",
      "Type": "Text",
      "Cell": {
        "Sheet": null,
        "Row": 0,
        "Column": 0,
        "RowSpan": 1,
        "ColSpan": 1,
        "A1": "K12"
      }
    },
    {
      "Key": "\uC9C4\uD589\uBE44\uACE0_5",
      "Type": "Text",
      "Cell": {
        "Sheet": null,
        "Row": 0,
        "Column": 0,
        "RowSpan": 1,
        "ColSpan": 1,
        "A1": "K13"
      }
    },
    {
      "Key": "\uC9C4\uD589\uBE44\uACE0_6",
      "Type": "Text",
      "Cell": {
        "Sheet": null,
        "Row": 0,
        "Column": 0,
        "RowSpan": 1,
        "ColSpan": 1,
        "A1": "K14"
      }
    },
    {
      "Key": "\uC9C4\uD589\uBE44\uACE0_7",
      "Type": "Text",
      "Cell": {
        "Sheet": null,
        "Row": 0,
        "Column": 0,
        "RowSpan": 1,
        "ColSpan": 1,
        "A1": "K15"
      }
    },
    {
      "Key": "\uC9C4\uD589\uBE44\uACE0_8",
      "Type": "Text",
      "Cell": {
        "Sheet": null,
        "Row": 0,
        "Column": 0,
        "RowSpan": 1,
        "ColSpan": 1,
        "A1": "K16"
      }
    },
    {
      "Key": "\uC9C4\uD589\uBE44\uACE0_9",
      "Type": "Text",
      "Cell": {
        "Sheet": null,
        "Row": 0,
        "Column": 0,
        "RowSpan": 1,
        "ColSpan": 1,
        "A1": "K17"
      }
    },
    {
      "Key": "\uC9C4\uD589\uBE44\uACE0_10",
      "Type": "Text",
      "Cell": {
        "Sheet": null,
        "Row": 0,
        "Column": 0,
        "RowSpan": 1,
        "ColSpan": 1,
        "A1": "K18"
      }
    },
    {
      "Key": "\uC9C4\uD589\uBE44\uACE0_11",
      "Type": "Text",
      "Cell": {
        "Sheet": null,
        "Row": 0,
        "Column": 0,
        "RowSpan": 1,
        "ColSpan": 1,
        "A1": "K19"
      }
    },
    {
      "Key": "\uC9C4\uD589\uBE44\uACE0_12",
      "Type": "Text",
      "Cell": {
        "Sheet": null,
        "Row": 0,
        "Column": 0,
        "RowSpan": 1,
        "ColSpan": 1,
        "A1": "K20"
      }
    },
    {
      "Key": "\uC9C4\uD589\uBE44\uACE0_13",
      "Type": "Text",
      "Cell": {
        "Sheet": null,
        "Row": 0,
        "Column": 0,
        "RowSpan": 1,
        "ColSpan": 1,
        "A1": "K21"
      }
    },
    {
      "Key": "\uC9C4\uD589\uBE44\uACE0_14",
      "Type": "Text",
      "Cell": {
        "Sheet": null,
        "Row": 0,
        "Column": 0,
        "RowSpan": 1,
        "ColSpan": 1,
        "A1": "K22"
      }
    },
    {
      "Key": "\uC9C4\uD589\uBE44\uACE0_15",
      "Type": "Text",
      "Cell": {
        "Sheet": null,
        "Row": 0,
        "Column": 0,
        "RowSpan": 1,
        "ColSpan": 1,
        "A1": "K23"
      }
    },
    {
      "Key": "\uC9C4\uD589\uBE44\uACE0_16",
      "Type": "Text",
      "Cell": {
        "Sheet": null,
        "Row": 0,
        "Column": 0,
        "RowSpan": 1,
        "ColSpan": 1,
        "A1": "K24"
      }
    },
    {
      "Key": "\uC9C4\uD589\uBE44\uACE0_17",
      "Type": "Text",
      "Cell": {
        "Sheet": null,
        "Row": 0,
        "Column": 0,
        "RowSpan": 1,
        "ColSpan": 1,
        "A1": "K25"
      }
    },
    {
      "Key": "\uC9C4\uD589\uBE44\uACE0_18",
      "Type": "Text",
      "Cell": {
        "Sheet": null,
        "Row": 0,
        "Column": 0,
        "RowSpan": 1,
        "ColSpan": 1,
        "A1": "K26"
      }
    },
    {
      "Key": "\uC9C4\uD589\uBE44\uACE0_19",
      "Type": "Text",
      "Cell": {
        "Sheet": null,
        "Row": 0,
        "Column": 0,
        "RowSpan": 1,
        "ColSpan": 1,
        "A1": "K27"
      }
    },
    {
      "Key": "\uC9C4\uD589\uBE44\uACE0_20",
      "Type": "Text",
      "Cell": {
        "Sheet": null,
        "Row": 0,
        "Column": 0,
        "RowSpan": 1,
        "ColSpan": 1,
        "A1": "K28"
      }
    },
    {
      "Key": "\uC9C4\uD589\uBE44\uACE0_21",
      "Type": "Text",
      "Cell": {
        "Sheet": null,
        "Row": 0,
        "Column": 0,
        "RowSpan": 1,
        "ColSpan": 1,
        "A1": "K29"
      }
    },
    {
      "Key": "\uC9C4\uD589\uBE44\uACE0_22",
      "Type": "Text",
      "Cell": {
        "Sheet": null,
        "Row": 0,
        "Column": 0,
        "RowSpan": 1,
        "ColSpan": 1,
        "A1": "K30"
      }
    },
    {
      "Key": "\uC9C4\uD589\uBE44\uACE0_23",
      "Type": "Text",
      "Cell": {
        "Sheet": null,
        "Row": 0,
        "Column": 0,
        "RowSpan": 1,
        "ColSpan": 1,
        "A1": "K31"
      }
    },
    {
      "Key": "\uC9C4\uD589\uBE44\uACE0_24",
      "Type": "Text",
      "Cell": {
        "Sheet": null,
        "Row": 0,
        "Column": 0,
        "RowSpan": 1,
        "ColSpan": 1,
        "A1": "K32"
      }
    },
    {
      "Key": "\uC9C4\uD589\uBE44\uACE0_25",
      "Type": "Text",
      "Cell": {
        "Sheet": null,
        "Row": 0,
        "Column": 0,
        "RowSpan": 1,
        "ColSpan": 1,
        "A1": "K33"
      }
    },
    {
      "Key": "\uC9C4\uD589\uBE44\uACE0_26",
      "Type": "Text",
      "Cell": {
        "Sheet": null,
        "Row": 0,
        "Column": 0,
        "RowSpan": 1,
        "ColSpan": 1,
        "A1": "K34"
      }
    },
    {
      "Key": "\uC9C4\uD589\uBE44\uACE0_27",
      "Type": "Text",
      "Cell": {
        "Sheet": null,
        "Row": 0,
        "Column": 0,
        "RowSpan": 1,
        "ColSpan": 1,
        "A1": "K35"
      }
    },
    {
      "Key": "\uC608\uC815\uBE44\uACE0_1",
      "Type": "Text",
      "Cell": {
        "Sheet": null,
        "Row": 0,
        "Column": 0,
        "RowSpan": 1,
        "ColSpan": 1,
        "A1": "K37"
      }
    },
    {
      "Key": "\uC608\uC815\uBE44\uACE0_2",
      "Type": "Text",
      "Cell": {
        "Sheet": null,
        "Row": 0,
        "Column": 0,
        "RowSpan": 1,
        "ColSpan": 1,
        "A1": "K38"
      }
    },
    {
      "Key": "\uC608\uC815\uBE44\uACE0_3",
      "Type": "Text",
      "Cell": {
        "Sheet": null,
        "Row": 0,
        "Column": 0,
        "RowSpan": 1,
        "ColSpan": 1,
        "A1": "K39"
      }
    },
    {
      "Key": "\uC608\uC815\uBE44\uACE0_4",
      "Type": "Text",
      "Cell": {
        "Sheet": null,
        "Row": 0,
        "Column": 0,
        "RowSpan": 1,
        "ColSpan": 1,
        "A1": "K40"
      }
    }
  ],
  "Approvals": [
    {
      "Slot": 1,
      "Part": "\uAC80\uD1A0",
      "Cell": {
        "Sheet": null,
        "Row": 0,
        "Column": 0,
        "RowSpan": 1,
        "ColSpan": 1,
        "A1": "H4"
      },
      "ApproverType": "Person",
      "ApproverValue": "8bf4629e-ea28-4ce5-b8e0-cbb74e65d579"
    }
  ]
}